B000FA5NSO,The Interplanetary Huntress Returns,Arthur K. Barnes
B0002IQ15S,,
B000FA5SHK,Now and Forever-Let's Make Love,Joan Elizabeth Lloyd
B000FA5T4W,Get Clark Smart,Clark  Howard
B000F83TEQ,Gold Coffin Murder Case,George F. Worts
B000FA5UXC,"The Omega Expedition (Emortality, #6)",Brian Stableford
B000FA5RE4,Oxford Dictionary of Idioms,Judith Siefring
B000F83STC,Erotic Flowers,Sascha Illyvich
B000F83SZQ,A Matter of Policy [An Amy Brewster Mystery],Sam Merwin Jr.
B000FA5M6M,The Master Swing Trader : Tools and Techniques to Profit from Outstanding Short-Term Trading Opportunities,Alan S. Farley
B000FA66LM,Chaka: Zulu King - Book I - The Curse of Baleka,H. Rider Haggard
B000FA5MQ2,Preventive Medicine & Public Health : PreTest Self-Assessment and Review: Preventive Medicine and Public Health,Sylvie Ratelle
B000FA5M3K,Pilot in Command: Strategic Action Plan for Reducing Pilot Error,Paul A. Craig
B000FA5S98,The Boric Acid Murder,Camille Minichino
B000FA64QO,Ylesia (Star Wars: The New Jedi Order #14.5),Walter Jon Williams
B000FA5PV4,McQueen of the Tumbling K/West of Tularosa,Louis L'Amour
B000FA5RY4,How to Write a Bestselling Self-Help Book,Jean Marie Stine
B000FA5KJQ,Ed Wood,Jean Marie Stine
1603420304,,
B000FA66XU,Chaka: Zulu King - Book II Umslopogaas' Revenge,H. Rider Haggard
B000FA5TF6,Crash Your Party Dress,Adrian Hunter
B000FA5TOM,Sin City,Harold Robbins
B000FA64PA,"Saboteur (Star Wars: Darth Maul, #1)",James Luceno
B000FA5QBS,"Irish Stew! (Nuala Anne McGrail, #7)",Andrew M. Greeley
B000FA60YU,Introduction to Psychoanalysis: Contemporary Theory and Practice,Anthony Bateman
B000FA5Z46,Gender and Material Culture: The Archaeology of Religious Women,Roberta Gilchrist
B000FA5ZEG,James II and English Politics 1678-1688,Michael A. Mullett
B000FA622A,Counselling for Toads: A Psychological Adventure,Robert De Board
B000FA5V2C,"Warfare and Society in Europe, 1792-1914",Geoffrey Wawro
B000FA61JY,The Spanish Civil War,Andrew Forrest
B000FA5O8I,To Have and To Hold,Mary    Johnston
B000FA64I2,A Handbook for Action Research in Health and Social Care,Carol Munn-Giddings
B000FA64FA,"Marine Tourism: Development, Impacts and Management",Mark Orams
B000FA5ZNC,Elizabeth I and Religion 1558-1603,Susan Doran
B000FA61T4,Nursing Theories and Models,Hugh McKenna
B000FA5Z3W,Schooling and Social Change 1964-1990,Roy Lowe
B000FA5V4A,Re-Politicising the Kyoto School as Philosophy (Routledge/Leiden Series in Modern East Asian Politics and History),Christopher Goto-Jones
B000FA62I4,Really Raising Standards: Cognitive intervention and academic achievement,Philip Adey
B000FA64PK,"Recovery (Star Wars: The New Jedi Order, #6.5)",Troy Denning
B000FA63OM,Reading Series Fiction: From Arthur Ransome to Gene Kemp,Victor Watson
B000FA61Q2,Visual Digital Culture: Surface Play and Spectacle in New Media Genres,Andrew Darley
B000FA66Y4,Claimed!,Francis Stevens
B000FA5XF2,Archaeology and the Bible,John Laughlin
B000FA65ZY,Lit a Shuck For Texas,Louis L'Amour
B000FA5KKA,Interplanetary Huntress,Arthur K. Barnes
B000FA5WOY,China Under Communism,Alan Lawrance
B000FA5ZS2,Fantasy: The Literature of Subversion,Rosemary Jackson
B000FA63H4,The Researcher's Toolkit: The Complete Guide to Practitioner Research,David Wilkinson
B000FA5X16,Tourists at the Taj: Performance and Meaning at a Symbolic Site,Tim Edensor
B000FA62BQ,Teaching Communication,Graeme Burton
B000FBF87E,The Pearl Vol. I: The Scandalolus Victorian Journal of Erotica,Anonymous
B000FBFKZE,Les Exploits D'un Jeune Don Juan,Guillaume Apollinaire
B000FBFLMG,Come True,Adrian Hunter
B000FBF8AG,PUSSY IN BOOTS: She Liked It Kinky,Helen Henley
B000FBFL4E,,
B000FBF81K,The Interplanetary Huntress' Last Case [The Adventures of Gerry Carlyle #3],Arthur K. Barnes
B000FBFNZQ,In the Know in Mexico & Central America: The Indispensable Guide to Working and Living in Mexico & Central America,Jennifer Phillips
B000FBF85G,Nightmare! A Tale of Waking Terror,Francis Stevens
B000FBFE50,Socialism and Superior Brains: The Political Thought of George Bernard Shaw: Political Thought of Bernard Shaw,Gareth Griffith
B000FBFCNE,The Idea of Building: Thought and Action in the Design and Production of Buildings,Steven Groak
B000FBFCCA,Deng Xiaoping and the Chinese Revolution: A Political Biography,David S.G. Goodman
B000FBFO8M,The Aeneid,Virgil
B000FBFLVW,The Queen's Slave Woman Book I: The Punishing Of Jendri,Susanna Valent
B000FBFJ3W,Kings and Kingdoms of Early Anglo-Saxon England,Barbara Yorke
B000FBFNEW,Funny Letters from Famous People,Charles Osgood
B000FBFFQI,"Lessons from Mount Kilimanjaro: Schooling, Community, and Gender in East Africa",Amy Stambach
B000FBFAQ8,The Three Worlds of Paul of Tarsus,Richard Wallace
B000FBFP04,Seven Views of Olduvai Gorge,Mike Resnick
B000FBF8YC,The Cold War: An International History,David S. Painter
B000FBFM3Y,"Trouble Is My Business (Philip Marlowe, #0.5)",Raymond Chandler
B000FBFFCW,Understanding Philosophy of Science,James Ladyman
B000FBFNXI,Asphalt Gods: An Oral History of the Rucker Tournament,Vincent M. Mallozzi
B000FBF8LU,Early Medieval Philosophy 480-1150: An Introduction,John Marenbon
B000FBFIEM,The Concise Dictionary of Business Management,David A. Statt
B000FBF9N2,From Roman Britain to Norman England,Peter H. Sawyer
B000FBFJ1E,A History of Scotland,Peter Somerset Fry
B000FBFJGY,The Birth of the Clinic: An Archaeology of Medical Perception,Michel Foucault
B000FBFF5E,On Stories,Richard Kearney
B000FBF8DI,Corpse in the Abstract,J.D. Crayne
B000FBF8DS,Lost Stars: Forgotten SF Classics from the Early,Jean Marie (ed.) Stine
B000FBF9KA,Child Language (Language Workbooks),Jean Stilwell Peccei
B000FBFMMU,"A Game of Thrones / A Clash of Kings (A Song of Ice and Fire, #1-2)",George R.R. Martin
B000FBFMVG,A Forest Apart,Troy Denning
B000FBFCRA,Working with Children in Art Therapy,Caroline Case
B000FBFP5O,To Serve Man,Damon Knight
B000FBFMUM,Twenty Thousand Leagues Under the Sea,Jules Verne
B000FBFMH0,Bloodcurdling Tales of Horror and the Macabre: The Best of H. P. Lovecraft,H.P. Lovecraft
B000FBFK22,Prices and Knowledge: A Market-Process Perspective (Routledge Foundations of the Market Economy),Esteban F. Thomsen
B000FBFNVU,The Book of Spies: An Anthology of Literary Espionage,Alan Furst
B0002IQ15S,,
B000FA5RE4,Oxford Dictionary of Idioms,Judith Siefring
B000F83SZQ,A Matter of Policy [An Amy Brewster Mystery],Sam Merwin Jr.
B000F83TEQ,Gold Coffin Murder Case,George F. Worts
B000FA5SHK,Now and Forever-Let's Make Love,Joan Elizabeth Lloyd
B000F83STC,Erotic Flowers,Sascha Illyvich
B000FA5UXC,"The Omega Expedition (Emortality, #6)",Brian Stableford
B000FA5NSO,The Interplanetary Huntress Returns,Arthur K. Barnes
B000FA5T4W,Get Clark Smart,Clark  Howard
B000FA66LM,Chaka: Zulu King - Book I - The Curse of Baleka,H. Rider Haggard
B000FA5PV4,McQueen of the Tumbling K/West of Tularosa,Louis L'Amour
B000FA64QO,Ylesia (Star Wars: The New Jedi Order #14.5),Walter Jon Williams
B000FA5RY4,How to Write a Bestselling Self-Help Book,Jean Marie Stine
B000FA5S98,The Boric Acid Murder,Camille Minichino
B000FA5M6M,The Master Swing Trader : Tools and Techniques to Profit from Outstanding Short-Term Trading Opportunities,Alan S. Farley
B000FA5KJQ,Ed Wood,Jean Marie Stine
B000FA5MQ2,Preventive Medicine & Public Health : PreTest Self-Assessment and Review: Preventive Medicine and Public Health,Sylvie Ratelle
B000FA5M3K,Pilot in Command: Strategic Action Plan for Reducing Pilot Error,Paul A. Craig
1603420304,,
B000FA66XU,Chaka: Zulu King - Book II Umslopogaas' Revenge,H. Rider Haggard
B000FA5QBS,"Irish Stew! (Nuala Anne McGrail, #7)",Andrew M. Greeley
B000FA60YU,Introduction to Psychoanalysis: Contemporary Theory and Practice,Anthony Bateman
B000FA5Z46,Gender and Material Culture: The Archaeology of Religious Women,Roberta Gilchrist
B000FA5TOM,Sin City,Harold Robbins
B000FA5ZEG,James II and English Politics 1678-1688,Michael A. Mullett
B000FA5V2C,"Warfare and Society in Europe, 1792-1914",Geoffrey Wawro
B000FA622A,Counselling for Toads: A Psychological Adventure,Robert De Board
B000FA5TF6,Crash Your Party Dress,Adrian Hunter
B000FA64PA,"Saboteur (Star Wars: Darth Maul, #1)",James Luceno
B000FA5V4A,Re-Politicising the Kyoto School as Philosophy (Routledge/Leiden Series in Modern East Asian Politics and History),Christopher Goto-Jones
B000FA64PK,"Recovery (Star Wars: The New Jedi Order, #6.5)",Troy Denning
B000FA61T4,Nursing Theories and Models,Hugh McKenna
B000FA64FA,"Marine Tourism: Development, Impacts and Management",Mark Orams
B000FA61JY,The Spanish Civil War,Andrew Forrest
B000FA5O8I,To Have and To Hold,Mary    Johnston
B000FA5Z3W,Schooling and Social Change 1964-1990,Roy Lowe
B000FA62I4,Really Raising Standards: Cognitive intervention and academic achievement,Philip Adey
B000FA5ZNC,Elizabeth I and Religion 1558-1603,Susan Doran
B000FA64I2,A Handbook for Action Research in Health and Social Care,Carol Munn-Giddings
B000FA63OM,Reading Series Fiction: From Arthur Ransome to Gene Kemp,Victor Watson
B000FA61Q2,Visual Digital Culture: Surface Play and Spectacle in New Media Genres,Andrew Darley
