asin,title,author
,,
,,
B000F83SZQ,A Matter of Policy [An Amy Brewster Mystery],Sam Merwin Jr.
B000F83TEQ,Gold Coffin Murder Case,George F. Worts
B000F83STC,Erotic Flowers,Sascha Illyvich
B000FA5RE4,Oxford Dictionary of Idioms,Judith Siefring
B000FA5NSO,The Interplanetary Huntress Returns,Arthur K. Barnes
B000FA5UXC,"The Omega Expedition (Emortality, #6)",Brian Stableford
B000FA5T4W,Get Clark Smart,Clark  Howard
B000FA5SHK,Now and Forever-Let's Make Love,Joan Elizabeth Lloyd
B000FA66LM,Chaka: Zulu King - Book I - The Curse of Baleka,H. Rider Haggard
B000FA5M6M,The Master Swing Trader : Tools and Techniques to Profit from Outstanding Short-Term Trading Opportunities,Alan S. Farley
B000FA64QO,Ylesia (Star Wars: The New Jedi Order #14.5),Walter Jon Williams
